Model,Accuracy,Precision,Recall,F1,ROC-AUC,PR-AUC (AP)
Logistic Regression,0.9766081871345029,0.9838709677419355,0.953125,0.9682539682539683,0.9969334112149533,0.9954569363851578
SVM (RBF),0.9824561403508771,0.9841269841269841,0.96875,0.9763779527559056,0.997517523364486,0.996552458617332
